{"cameraMode":{"drawMode":0,"name":"Shaded","section":"Shading Mode"},"sceneLighting":true,"audioPlay":false,"sceneViewState":{"showFog":true,"showMaterialUpdate":false,"showSkybox":true,"showFlares":true,"showImageEffects":true,"showParticleSystems":true},"in2DMode":false,"pivot":{"x":-0.25532153248786929,"y":1.915006399154663,"z":120.62855529785156},"rotation":{"x":0.037138305604457858,"y":0.18626561760902406,"z":-0.007046369835734367,"w":0.9817737340927124},"size":9.434554100036621,"orthographic":false}