{"cameraMode":{"drawMode":0,"name":"Shaded","section":"Shading Mode"},"sceneLighting":true,"audioPlay":false,"sceneViewState":{"showFog":true,"showMaterialUpdate":false,"showSkybox":true,"showFlares":true,"showImageEffects":true,"showParticleSystems":true},"in2DMode":false,"pivot":{"x":32.5145149230957,"y":15.110456466674805,"z":62.27936553955078},"rotation":{"x":-0.08883197605609894,"y":0.33525025844573977,"z":0.03176860138773918,"w":0.9373937249183655},"size":74.38256072998047,"orthographic":false}